Threshold,TPR,TNR,FPR,Precision,Recall,F1_Score,Accuracy
0.2580453597589388,1.0,0.28,0.72,0.5263157894736842,1.0,0.6896551724137931,0.6
0.3524076344093377,1.0,0.6,0.4,0.6666666666666666,1.0,0.8,0.7777777777777778
0.44197982034595445,0.8,0.72,0.28,0.6956521739130435,0.8,0.7441860465116279,0.7555555555555555
0.5438452628311367,0.5,0.8,0.2,0.6666666666666666,0.5,0.5714285714285715,0.6666666666666666
0.6390778817244949,0.3,0.92,0.08,0.75,0.3,0.4285714285714285,0.6444444444444445
